﻿<Profile>
  <Name>Adventurer Specific Bounty </Name>
  <KillMonsters>True</KillMonsters>
  <PickupLoot>True</PickupLoot>
  <GameParams act="OpenWorld" resumeFromSave="False" isPrivate="True" numGames="1" />
  <Order>

    <RunBounty questId="361234" name="Bounty: Kill the Skeleton King" />
    <RunBounty questId="357129" name="Bounty: Kill the Aspect of Pain" />
    <RunBounty questId="347558" name="Bounty: Kill Maghda" />
    <RunBounty questId="349288" name="Bounty: Kill Diablo" />

    <LogMessage message=">> Profile Finished" />
    <WaitTimer questId="1" stepId="1" waitTime="3000" />
    <LeaveGame />
    <LoadProfile profile="SpecificBounty.xml" />
  </Order>
</Profile>