﻿<Profile>
  <Name>Adventurer Bad Bounties</Name>
  <KillMonsters>True</KillMonsters>
  <PickupLoot>True</PickupLoot>
  <GameParams act="OpenWorld" resumeFromSave="False" isPrivate="True" numGames="1" />
  <Order>

<!--
Clear the Flooded Cave (346071)
Clear the Ancient Cave (346069).
The Cursed Glacier (369851)
A2 - A Miner's Gold (345954)
-->

    <RunBounty questId="433099" />
    <RunBounty questId="409897" />
    <RunBounty questId="409895" />
    <RunBounty questId="409884" />

    <!--<RunBounty questId="346071" />
    <RunBounty questId="346069" />
    <RunBounty questId="369851" />
    <RunBounty questId="345954" />-->
    
    <!--<RunBounty questId="436280" name="Bounty: Last of the Barbarians" />
    <RunBounty questId="445044" name="Bounty: Binding Evil" />
    <RunBounty questId="365401" name="Bounty: The Cursed Mill" />
    <RunBounty questId="363402" name="Bounty: Lost Host" />
    <RunBounty questId="430723" name="Bounty: Templar Inquisition" />
    <RunBounty questId="369853" name="Bounty: The Cursed Depths" />
    <RunBounty questId="369851" name="Bounty: The Cursed Glacier" />
    <RunBounty questId="349020" name="Bounty: The Matriarch's Bones" />
    <RunBounty questId="436276" name="Bounty: Kill Garan" />
    <RunBounty questId="347065" name="Bounty: Clear Khazra Den" />
    <RunBounty questId="365381" name="Bounty: The Cursed Grove" />
    <RunBounty questId="347027" name="Bounty: Kill Garrach the Afflicted" />
    <RunBounty questId="359280" name="Bounty: The Burning Man" />
    <RunBounty questId="350529" name="Bounty: Apothecary's Brother" />-->
    
    <!--<RunBounty questId="369868" name="Bounty: The Cursed Caldera" />
    <RunBounty questId="359927" name="Bounty: Kill Malthael" />
    <RunBounty questId="365381" name="Bounty: The Cursed Grove" />
    <RunBounty questId="345546" name="Bounty: A Stranger in Need" />
    <RunBounty questId="369851" name="Bounty: The Cursed Glacier" />
    <RunBounty questId="350556" name="Bounty: Clear the Ruins" />
    <RunBounty questId="433025" name="Bounty: The Ancient Devices" />
    <RunBounty questId="349262" name="Bounty: Kill Rakanoth" />
    <RunBounty questId="349288" name="Bounty: Kill Diablo" />
    <RunBounty questId="345528" name="Bounty: Kill Queen Araneae" />
    <RunBounty questId="345505" name="Bounty: Eternal War" />
    <RunBounty questId="369851" name="Bounty: The Cursed Glacier" />
    <RunBounty questId="349288" name="Bounty: Kill Diablo" />
    <RunBounty questId="368536" name="Bounty: Noble Deaths" />
    <RunBounty questId="357131" name="Bounty: Kill the Aspect of Destruction" />
    <RunBounty questId="349262" name="Bounty: Kill Rakanoth" />
    <RunBounty questId="363021" name="Bounty: Kill Bari Moqqu" />
    <RunBounty questId="433256" name="Bounty: Death's Embrace" />
    <RunBounty questId="448513" name="Bounty: The Cursed Shrines" />
    <RunBounty questId="448574" name="Bounty: The Cursed Shrines" />
    <RunBounty questId="368917" name="Bounty: Kill Bloone" />
    <RunBounty questId="346192" name="Bounty: Clear the Icefall Caves" />
    <RunBounty questId="433025" name="Bounty: The Ancient Devices" />
    <RunBounty questId="345546" name="Bounty: A Stranger in Need" />
    <RunBounty questId="369851" name="Bounty: The Cursed Glacier" />
    <RunBounty questId="365401" name="Bounty: The Cursed Mill" />
    <RunBounty questId="369271" name="Bounty: Kill Theodyn Deathsinger" />
    <RunBounty questId="363561" name="Bounty: Kill Zorrus" />
    <RunBounty questId="363082" name="Bounty: Kill Matanzas the Loathsome" />
    <RunBounty questId="361336" name="Bounty: Kill Cudgelarm" />
    <RunBounty questId="346180" name="Bounty: The Triage" />
    <RunBounty questId="447419" name="Bounty: The Cursed Eternal Shrine" />
    <RunBounty questId="357135" name="Bounty: Kill the Aspect of Lies" />
    <RunBounty questId="409897" name="Bounty: The Cursed Pulpit" />
    <RunBounty questId="444702" name="Bounty: Kill Fharzula" />
    <RunBounty questId="350529" name="Bounty: Apothecary's Brother" />
    <RunBounty questId="369851" name="Bounty: The Cursed Glacier" />
    <RunBounty questId="432293" name="Bounty: The Triune Reborn" />
    <RunBounty questId="365381" name="Bounty: The Cursed Grove" />
    <RunBounty questId="349288" name="Bounty: Kill Diablo" />
    <RunBounty questId="369813" name="Bounty: The Cursed Shallows" />
    <RunBounty questId="365401" name="Bounty: The Cursed Mill" />
    <RunBounty questId="409897" name="Bounty: The Cursed Pulpit" />
    <RunBounty questId="367559" name="Bounty: Kill Krailen the Wicked" />
    <RunBounty questId="369878" name="Bounty: The Cursed Chapel" />
    <RunBounty questId="347600" name="Bounty: Kill Bashiok" />-->
    
    <!--<RunBounty questId="369853" name="The Cursed Depths" />
    <RunBounty questId="368601" name="The True Son of the Wolf" />-->

    <LogMessage message=">> Profile Finished" />
    <WaitTimer questId="1" stepId="1" waitTime="3000" />
    <LeaveGame />
    <LoadProfile profile="MultiTest.xml" />
  </Order>
</Profile>