﻿<Profile>
  <Name>Brutal White Farm by xzjv 1.4</Name>
  <KillMonsters>True</KillMonsters>
  <PickupLoot>True</PickupLoot>
  <TargetBlacklists>
    <TargetBlacklist actorId="326271"/> <!-- x1_PandExt_Ballista_Angelic_A -->
  </TargetBlacklists>
  <GameParams act="OpenWorld" difficulty="normal" resumeFromSave="False" isPrivate="True" numGames="-1" />
  <Order>

    <If condition="ZetaDia.Storage.CurrentWorldType != Act.OpenWorld">
      <LogMessage message="=>> Profile must be in adventure mode!" />
      <LeaveGame questId="1" reason="Profile must be in adventure mode!" stayInParty="False" />
    </If>

    <If condition="CurrentWorldId != 338600">
      <LogMessage message="=>> Taking Waypoint to Battlefields of Eternity" />
      <TakeWaypoint waypointNumber="58" />
    </If>

    <Explore stopCondition="PercentNodesVisited(65)" />

    <LeaveGame questId="1" step="1" reason="done." stayInParty="False" />

  </Order>
</Profile>
