﻿<Profile>
  <Name>Goblin Explorer 1.1 by xzjv</Name>
  <KillMonsters>True</KillMonsters>
  <PickupLoot>True</PickupLoot>
  <GameParams act="OpenWorld" resumeFromSave="False" isPrivate="True" numGames="-1" />
  <Trinity>
    <Scenes>
      <Scene id="454485" alwaysRayWalk="true" />
    </Scenes>
    <KeepInBackpack>
      <Item id="197837" name="Puzzle Ring" />
    </KeepInBackpack>
  </Trinity>
  <Order>

    <If condition="ZetaDia.Storage.CurrentWorldType != Act.OpenWorld">
      <LeaveGame questId="1" reason="Profile must be in adventure mode!" stayInParty="False" />
    </If>

    <If condition="ZetaDia.CurrentLevelAreaSnoId != 332339 and ZetaDia.Globals.WorldSnoId != 379962 and ZetaDia.Globals.WorldSnoId != 380753">
      <TakeWaypoint waypointNumber="0" />
      <WaitWhile condition="IsCastingOrLoading()" />
      <WaitTimer questId="1" stepId="1" waitTime="3000" />
    </If>

    <TownRun minFreeBagSlots="50" />
    <SetCombatMode mode="Questing" />

    <If condition="ZetaDia.CurrentLevelAreaSnoId == 332339 and not ActorExistsAt(393030, 403, 575, 24, 50) and ItemCount(197837) > 0">
      <LogMessage Output="Getting a puzzle Ring" />
      <TakeFromStash>
        <Items>
          <Item id="197837" name="Puzzle Ring" quantity="1" />
        </Items>
      </TakeFromStash>
      <LogMessage questId="1" output="Moving to Cube" />
      <Interact actorId="439975" actorName="KanaiCube_Stand" x="419" y="584" z="24" worldSnoId="332336" levelAreaSnoId="332339" sceneSnoId="414798" sceneName="px_trOut_Tristram_E10_S15" sceneX="179" sceneY="107" sceneZ="24" />
      <LogMessage questId="1" output="Opening Greed Portal" />
      <Transmute recipe="OpenPortalToGreed">
        <Items>
          <Item id="197837" name="Puzzle Ring" />
        </Items>
      </Transmute>
      <WaitTimer questId="1" stepId="1" waitTime="5000" />
    </If>

    <If condition="ZetaDia.CurrentLevelAreaSnoId == 332339 and ActorExistsAt(393030, 403, 575, 24, 50)">
      <LogMessage Output="Entering to Greed Portal " />
      <Interact actorId="393030" actorName="p1_Greed_Portal" x="403" y="580" z="24" worldSnoId="332336" levelAreaSnoId="332339" sceneSnoId="414798" sceneName="px_trOut_Tristram_E10_S15" sceneX="161" sceneY="101" sceneZ="24" />
      <WaitTimer questId="1" stepId="1" waitTime="5000" />
    </If>

    <If condition="ZetaDia.Globals.WorldSnoId == 379962">
      <LogMessage questId="1" output="Exploring Goblin Realm!" />
      <Explore stopCondition="ActorExistsNearMe(393030, 50) or ActorExistsNearMe(380766, 50)" />
      <Interact questId="312429" stepId="2" actorId="389569" actorName="p1_TGoblin_Gate" x="207" y="179" z="-82" worldSnoId="379962" levelAreaSnoId="380773" sceneSnoId="380605" sceneName="p1_TGoblin_Realm_Prototype3_W01_S01" sceneX="199" sceneY="180" sceneZ="-82" />
      <Interact questId="312429" stepId="2" actorId="380766" actorName="Boss_Portal_Greed" x="212" y="180" z="-80" worldSnoId="379962" levelAreaSnoId="380773" sceneSnoId="380605" sceneName="p1_TGoblin_Realm_Prototype3_W01_S01" sceneX="208" sceneY="180" sceneZ="-78" />
      <WaitTimer questId="1" stepId="1" waitTime="5000" />
    </If>

    <If condition="ZetaDia.Globals.WorldSnoId == 380753">
      <LogMessage questId="1" output="Time to plunder!" />
      <Interact questId="312429" stepId="2" actorId="378665" actorName="p1_Greed" x="78" y="191" z="-82" worldSnoId="380753" levelAreaSnoId="380774" sceneSnoId="380605" sceneName="p1_TGoblin_Realm_Prototype3_W01_S01" sceneX="75" sceneY="183" sceneZ="-83" />      
      <WaitTimer questId="1" stepId="1" waitTime="10000" />
      <Interact questId="312429" stepId="2" actorId="403683" explore="false" actorName="p1_Greed_deathChest_Multiclick" worldSnoId="380753" levelAreaSnoId="380774" sceneSnoId="380605" sceneName="p1_TGoblin_Realm_Prototype3_W01_S01"  />
      <WaitTimer questId="1" stepId="1" waitTime="4000" />
    </If>

    <If condition="ItemCount(197837)">
      <LogMessage questId="1" output="Finished!" />
      <LeaveGame questId="1" reason="End of Profile." stayInParty="False" />
    </If>

    <LogMessage questId="1" output="You have no Puzzle rings!" />
    <WaitTimer questId="1" stepId="1" waitTime="1000" />

  </Order>
</Profile>