﻿<Profile>
  <Name>Adventurer - Greater Rift</Name>
  <KillMonsters>True</KillMonsters>
  <PickupLoot>True</PickupLoot>
  <GameParams act="OpenWorld" resumeFromSave="False" isPrivate="True" numGames="-1" />
  <TargetBlacklists>
    <!--Urshi-->
    <TargetBlacklist actorId="398682"/>
  </TargetBlacklists>
  <Order>
    <ToggleTargeting questId="1" combat="True" looting="True" />
    <GreaterRift/>
    <WaitTimer questId="1" waitTime="3000" />
    <LeaveGame reason="Done" stayInParty="true" />
    <LoadProfile profile="GreaterRift.xml" />
  </Order>
</Profile>